{"cameraMode":{"drawMode":0,"name":"Shaded","section":"Shading Mode"},"sceneLighting":true,"audioPlay":false,"sceneViewState":{"showFog":false,"showMaterialUpdate":false,"showSkybox":false,"showFlares":false,"showImageEffects":false,"showParticleSystems":false},"in2DMode":false,"pivot":{"x":-34.80856704711914,"y":4.96515417098999,"z":22.85974884033203},"rotation":{"x":-0.12919990718364716,"y":0.7854196429252625,"z":-0.17504927515983582,"w":-0.5795359015464783},"size":84.14766693115235,"orthographic":false}