{"cameraMode":{"drawMode":0,"name":"Shaded","section":"Shading Mode"},"sceneLighting":true,"audioPlay":false,"sceneViewState":{"showFog":false,"showMaterialUpdate":false,"showSkybox":false,"showFlares":false,"showImageEffects":false,"showParticleSystems":false},"in2DMode":false,"pivot":{"x":11.23056411743164,"y":26.62000274658203,"z":-10.498488426208496},"rotation":{"x":-0.14221999049186707,"y":0.7938948273658752,"z":-0.2033996284008026,"w":-0.5551040768623352},"size":160.04148864746095,"orthographic":false}